--------------------------------------------,,,,,,,,,
Linear Kernel - samples combined,,,,,,,,,
--------------------------------------------,,,,,,,,,
C,in,out,in,out,in,out,avg-in,avg-out,
3**-10.0,17.40%,15.27%,18.43%,17.33%,18.56%,18.00%,18.13%,16.87%,
3**-7.0,88.44%,87.73%,88.46%,86.53%,88.13%,88.06%,88.34%,87.44%,
3**-5.0,92.31%,92.00%,92.28%,91.73%,92.75%,90.26%,92.45%,91.33%,
3**-3.0,96.03%,92.40%,96.46%,92.93%,96.46%,92.53%,96.32%,92.62%,
3**-1.0,99.37%,91.40%,99.31%,91.26%,99.41%,91.80%,99.36%,91.49%,
3**0.0,99.95%,91.00%,99.81%,90.26%,99.90%,92.00%,99.89%,91.09%,
3**1.0,99.93%,89.73%,99.98%,91.93%,99.98%,90.93%,99.96%,90.86%,
3**2.0,100.00%,91.13%,100.00%,90.00%,100.00%,90.33%,100.00%,90.49%,
3**3.0,100.00%,89.53%,100.00%,89.40%,100.00%,91.26%,100.00%,90.06%,
3**4.0,100.00%,92.33%,100.00%,90.60%,100.00%,89.73%,100.00%,90.89%,
3**5.0,100.00%,91.86%,100.00%,90.46%,100.00%,89.53%,100.00%,90.62%,
3**6.0,100.00%,90.27%,100.00%,91.40%,100.00%,90.80%,100.00%,90.82%,
3**7.0,100.00%,91.06%,100.00%,90.73%,100.00%,90.33%,100.00%,90.71%,
--------------------------------------------,,,,,,,,,
Polynomial Kernel - combined samples,,,,,,,,,
--------------------------------------------,,,,,,,,,
C,d,in,out,in,out,in,out,avg-in,avg-out
3**-10.0,2,10.28%,8.86%,10.25%,9.00%,10.21%,9.13%,10.25%,9.00%
3**-10.0,3,10.20%,9.20%,10.25%,9.00%,10.48%,8.06%,10.31%,8.75%
3**-10.0,4,10.36%,8.53%,10.35%,8.60%,10.25%,9.00%,10.32%,8.71%
3**-7.0,2,10.28%,8.86%,10.31%,8.73%,10.25%,9.00%,10.28%,8.86%
3**-7.0,3,10.40%,8.40%,10.31%,8.73%,10.41%,8.33%,10.37%,8.49%
3**-7.0,4,10.18%,9.26%,10.31%,8.73%,10.21%,9.13%,10.23%,9.04%
3**-5.0,2,10.23%,9.06%,10.31%,8.73%,10.31%,8.73%,10.28%,8.84%
3**-5.0,3,10.33%,8.66%,10.21%,9.13%,10.25%,9.00%,10.26%,8.93%
3**-5.0,4,15.08%,14.06%,10.31%,8.73%,10.20%,9.20%,11.86%,10.66%
3**-3.0,2,26.41%,24.93%,20.38%,17.40%,33.33%,32.06%,26.71%,24.80%
3**-3.0,3,10.33%,8.93%,10.45%,8.66%,10.58%,8.93%,10.45%,8.84%
3**-3.0,4,10.28%,8.86%,10.29%,8.79%,10.35%,8.60%,10.31%,8.75%
3**-1.0,2,83.11%,82.33%,83.26%,82.80%,83.50%,83.20%,83.29%,82.78%
3**-1.0,3,59.28%,59.40%,63.55%,63.60%,65.08%,63.66%,62.64%,62.22%
3**-1.0,4,20.50%,20.46%,22.05%,19.46%,19.58%,19.60%,20.71%,19.84%
3**0.0,2,88.83%,86.60%,88.85%,87.33%,88.90%,87.40%,88.86%,87.11%
3**0.0,3,79.61%,77.73%,78.88%,78.26%,79.83%,76.60%,79.44%,77.53%
3**0.0,4,46.01%,45.60%,56.59%,54.80%,50.84%,48.80%,51.15%,49.73%
3**1.0,2,92.01%,91.00%,92.11%,90.33%,92.06%,91.26%,92.06%,90.86%
3**1.0,3,87.03%,86.20%,87.03%,86.00%,86.90%,85.86%,86.99%,86.02%
3**1.0,4,71.06%,71.06%,71.31%,70.66%,72.05%,70.53%,71.47%,70.75%
3**2.0,2,94.19%,93.93%,94.39%,92.93%,94.68%,93.06%,94.42%,93.31%
3**2.0,3,92.01%,88.33%,91.60%,90.60%,91.56%,90.53%,91.72%,89.82%
3**2.0,4,83.93%,82.93%,84.10%,82.60%,83.60%,82.80%,83.88%,82.78%
3**3.0,2,97.08%,94.33%,97.33%,93.66%,97.08%,93.06%,97.16%,93.68%
3**3.0,3,94.89%,92.13%,95.08%,92.80%,95.01%,92.93%,94.99%,92.62%
3**3.0,4,89.45%,88.40%,89.66%,88.40%,90.00%,89.00%,89.70%,88.60%
3**4.0,2,98.83%,94.33%,99.10%,94.66%,99.13%,94.66%,99.02%,94.55%
3**4.0,3,97.55%,93.86%,97.70%,94.13%,97.36%,94.73%,97.54%,94.24%
3**4.0,4,93.83%,91.26%,93.73%,91.33%,93.96%,91.60%,93.84%,91.40%
3**5.0,2,99.85%,93.80%,99.85%,94.13%,99.86%,95.53%,99.85%,94.49%
3**5.0,3,99.20%,95.39%,99.06%,95.39%,99.13%,94.39%,99.13%,95.06%
3**5.0,4,96.89%,92.46%,96.75%,92.66%,96.88%,92.86%,96.84%,92.66%
3**6.0,2,99.98%,95.39%,100.00%,94.93%,99.96%,94.13%,99.98%,94.82%
3**6.0,3,99.83%,95.26%,99.81%,95.06%,99.80%,95.39%,99.81%,95.24%
3**6.0,4,98.85%,93.26%,98.88%,94.73%,98.81%,94.86%,98.85%,94.28%
3**7.0,2,100.00%,94.80%,100.00%,94.06%,100.00%,95.00%,100.00%,94.62%
3**7.0,3,100.00%,94.06%,100.00%,94.46%,100.00%,94.73%,100.00%,94.42%
3**7.0,4,99.60%,94.19%,99.66%,94.66%,99.65%,92.60%,99.64%,93.82%
--------------------------------------------,,,,,,,,,
RBF Kernel - combined samples,,,,,,,,,
--------------------------------------------,,,,,,,,,
C,g,in,out,in,out,in,out,avg-in,avg-out
,,,,,,,,,
3**-10.0,3**-10.0,10.34%,8.68%,10.43%,8.26%,10.25%,9.00%,10.34%,8.65%
3**-10.0,3**-5.0,10.36%,8.73%,10.16%,9.33%,10.23%,9.06%,10.25%,9.04%
3**-10.0,3**-1.0,20.40%,9.26%,10.33%,8.66%,10.23%,9.06%,13.65%,8.99%
3**-10.0,3**0.0,10.23%,8.87%,20.53%,9.06%,10.15%,9.40%,13.64%,9.11%
3**-10.0,3**1.0,10.29%,8.79%,10.35%,8.60%,10.23%,9.06%,10.29%,8.82%
3**-10.0,3**3.0,10.23%,8.87%,10.26%,8.93%,10.38%,8.46%,10.29%,8.75%
3**-10.0,3**4.0,10.37%,8.53%,20.46%,9.06%,30.80%,9.00%,20.54%,8.86%
3**-10.0,3**5.0,10.34%,8.68%,10.20%,9.20%,10.26%,8.93%,10.27%,8.94%
3**-10.0,3**6.0,10.29%,8.79%,10.45%,8.20%,10.31%,8.73%,10.35%,8.57%
3**-10.0,3**7.0,10.20%,9.20%,10.26%,8.93%,20.59%,8.79%,13.68%,8.97%
3**-7.0,3**-10.0,10.27%,8.94%,10.31%,8.73%,10.33%,8.66%,10.30%,8.78%
3**-7.0,3**-5.0,10.29%,8.79%,10.28%,8.86%,10.31%,8.73%,10.29%,8.79%
3**-7.0,3**-1.0,10.25%,9.00%,10.26%,8.93%,10.21%,9.13%,10.24%,9.02%
3**-7.0,3**0.0,10.29%,8.79%,10.26%,8.93%,10.29%,8.79%,10.28%,8.84%
3**-7.0,3**1.0,10.29%,8.79%,10.20%,9.20%,10.28%,8.86%,10.26%,8.95%
3**-7.0,3**3.0,10.44%,8.26%,10.20%,9.20%,10.36%,8.53%,10.33%,8.66%
3**-7.0,3**4.0,30.50%,9.40%,10.26%,8.93%,10.23%,9.06%,17.00%,9.13%
3**-7.0,3**5.0,10.20%,9.20%,10.33%,8.66%,10.31%,8.73%,10.28%,8.86%
3**-7.0,3**6.0,10.23%,9.06%,10.28%,8.86%,10.40%,8.40%,10.30%,8.77%
3**-7.0,3**7.0,20.50%,9.00%,10.43%,8.26%,10.11%,9.53%,13.68%,8.93%
3**-5.0,3**-10.0,10.40%,8.40%,18.53%,15.86%,10.13%,9.46%,13.02%,11.24%
3**-5.0,3**-5.0,18.73%,16.74%,23.98%,21.53%,17.28%,14.86%,20.00%,17.71%
3**-5.0,3**-1.0,10.29%,8.79%,10.15%,9.40%,10.23%,9.06%,10.22%,9.08%
3**-5.0,3**0.0,10.23%,9.06%,10.21%,9.13%,10.21%,9.13%,10.22%,9.11%
3**-5.0,3**1.0,10.36%,8.73%,10.28%,8.86%,10.21%,9.13%,10.28%,8.91%
3**-5.0,3**3.0,10.27%,9.13%,20.33%,17.00%,10.31%,8.73%,13.64%,11.62%
3**-5.0,3**4.0,10.40%,8.40%,10.25%,9.00%,10.43%,8.26%,10.36%,8.55%
3**-5.0,3**5.0,10.44%,8.06%,10.26%,8.93%,10.38%,8.46%,10.36%,8.48%
3**-5.0,3**6.0,10.36%,8.73%,10.29%,8.79%,10.23%,9.06%,10.29%,8.86%
3**-5.0,3**7.0,10.36%,8.73%,10.23%,9.06%,10.23%,9.06%,10.27%,8.95%
3**-3.0,3**-10.0,10.23%,9.06%,10.40%,8.40%,10.26%,8.93%,10.30%,8.80%
3**-3.0,3**-5.0,86.70%,85.39%,86.61%,86.53%,86.75%,85.66%,86.69%,85.86%
3**-3.0,3**-1.0,10.20%,9.20%,10.26%,8.93%,10.36%,8.53%,10.27%,8.89%
3**-3.0,3**0.0,10.23%,8.87%,10.20%,9.20%,10.16%,9.33%,10.20%,9.13%
3**-3.0,3**1.0,10.35%,8.60%,10.33%,8.66%,10.31%,8.73%,10.33%,8.66%
3**-3.0,3**3.0,10.40%,8.40%,10.16%,9.33%,10.20%,9.20%,10.25%,8.98%
3**-3.0,3**4.0,10.37%,8.53%,10.20%,9.20%,10.25%,9.00%,10.27%,8.91%
3**-3.0,3**5.0,10.37%,8.53%,20.23%,9.53%,10.18%,9.26%,13.59%,9.11%
3**-3.0,3**6.0,10.14%,9.26%,10.18%,9.26%,10.20%,9.20%,10.17%,9.24%
3**-3.0,3**7.0,10.20%,9.20%,10.23%,9.06%,10.33%,8.66%,10.25%,8.97%
3**-1.0,3**-10.0,22.86%,20.40%,10.26%,9.00%,13.23%,11.40%,15.45%,13.60%
3**-1.0,3**-5.0,92.83%,92.33%,93.11%,91.53%,93.11%,91.93%,93.02%,91.93%
3**-1.0,3**-1.0,13.65%,11.32%,13.86%,11.00%,13.58%,11.93%,13.70%,11.42%
3**-1.0,3**0.0,10.27%,9.26%,20.33%,9.33%,10.51%,8.06%,13.70%,8.88%
3**-1.0,3**1.0,10.14%,9.26%,10.25%,9.00%,10.29%,8.79%,10.23%,9.02%
3**-1.0,3**3.0,10.35%,8.60%,10.41%,8.33%,10.43%,8.26%,10.40%,8.40%
3**-1.0,3**4.0,10.47%,8.13%,10.28%,8.86%,10.43%,8.26%,10.39%,8.42%
3**-1.0,3**5.0,10.20%,9.20%,10.28%,8.86%,10.21%,9.13%,10.23%,9.06%
3**-1.0,3**6.0,10.29%,8.79%,10.23%,9.06%,10.23%,9.06%,10.25%,8.97%
3**-1.0,3**7.0,10.23%,9.06%,10.28%,8.86%,10.21%,9.13%,10.24%,9.02%
3**0.0,3**-10.0,49.10%,46.53%,51.63%,52.20%,54.73%,55.20%,51.82%,51.31%
3**0.0,3**-5.0,95.50%,94.67%,95.56%,94.19%,96.01%,93.33%,95.69%,94.06%
3**0.0,3**-1.0,100.00%,19.32%,100.00%,28.99%,100.00%,22.40%,100.00%,23.57%
3**0.0,3**0.0,100.00%,12.06%,100.00%,11.26%,100.00%,9.73%,100.00%,11.02%
3**0.0,3**1.0,100.00%,8.53%,100.00%,9.33%,100.00%,9.20%,100.00%,9.02%
3**0.0,3**3.0,100.00%,9.06%,100.00%,9.13%,100.00%,8.46%,100.00%,8.88%
3**0.0,3**4.0,100.00%,9.06%,100.00%,8.86%,100.00%,8.86%,100.00%,8.93%
3**0.0,3**5.0,100.00%,8.73%,100.00%,8.73%,100.00%,9.13%,100.00%,8.86%
3**0.0,3**6.0,100.00%,8.94%,100.00%,8.73%,100.00%,9.40%,100.00%,9.02%
3**0.0,3**7.0,100.00%,9.00%,100.00%,7.80%,100.00%,9.06%,100.00%,8.62%
3**1.0,3**-10.0,83.03%,81.00%,82.31%,81.93%,82.33%,83.46%,82.56%,82.13%
3**1.0,3**-5.0,98.06%,94.73%,98.30%,95.13%,98.20%,94.53%,98.19%,94.80%
3**1.0,3**-1.0,100.00%,21.68%,100.00%,21.93%,100.00%,22.86%,100.00%,22.16%
3**1.0,3**0.0,100.00%,10.13%,100.00%,10.86%,100.00%,10.80%,100.00%,10.60%
3**1.0,3**1.0,100.00%,8.40%,100.00%,9.00%,100.00%,9.40%,100.00%,8.93%
3**1.0,3**3.0,100.00%,8.68%,100.00%,8.86%,100.00%,8.66%,100.00%,8.73%
3**1.0,3**4.0,100.00%,8.47%,100.00%,9.20%,100.00%,9.13%,100.00%,8.93%
3**1.0,3**5.0,100.00%,8.53%,100.00%,9.26%,100.00%,8.93%,100.00%,8.91%
3**1.0,3**6.0,100.00%,9.20%,100.00%,8.73%,100.00%,9.13%,100.00%,9.02%
3**1.0,3**7.0,100.00%,9.13%,100.00%,9.00%,100.00%,8.93%,100.00%,9.02%
3**2.0,3**-10.0,87.20%,86.60%,87.08%,87.13%,87.03%,86.46%,87.10%,86.73%
3**2.0,3**-5.0,99.65%,94.86%,99.60%,95.19%,99.65%,95.80%,99.63%,95.28%
3**2.0,3**-1.0,100.00%,21.20%,100.00%,21.86%,100.00%,19.73%,100.00%,20.93%
3**2.0,3**0.0,100.00%,11.53%,100.00%,11.20%,100.00%,11.33%,100.00%,11.35%
3**2.0,3**1.0,100.00%,9.87%,100.00%,8.66%,100.00%,9.46%,100.00%,9.33%
3**2.0,3**3.0,100.00%,8.06%,100.00%,9.60%,100.00%,9.20%,100.00%,8.95%
3**2.0,3**4.0,100.00%,9.20%,100.00%,9.20%,100.00%,9.00%,100.00%,9.13%
3**2.0,3**5.0,100.00%,9.00%,100.00%,8.53%,100.00%,8.46%,100.00%,8.66%
3**2.0,3**6.0,100.00%,8.40%,100.00%,9.13%,100.00%,8.86%,100.00%,8.80%
3**2.0,3**7.0,100.00%,8.94%,100.00%,8.79%,100.00%,9.20%,100.00%,8.98%
3**3.0,3**-10.0,90.06%,87.53%,89.85%,88.73%,89.70%,89.53%,89.87%,88.60%
3**3.0,3**-5.0,99.97%,96.20%,99.98%,94.80%,99.98%,95.80%,99.98%,95.60%
3**3.0,3**-1.0,100.00%,22.64%,100.00%,26.00%,100.00%,23.06%,100.00%,23.90%
3**3.0,3**0.0,100.00%,9.94%,100.00%,10.93%,100.00%,11.73%,100.00%,10.87%
3**3.0,3**1.0,100.00%,9.34%,100.00%,8.33%,100.00%,8.93%,100.00%,8.87%
3**3.0,3**3.0,100.00%,8.87%,100.00%,8.93%,100.00%,9.13%,100.00%,8.98%
3**3.0,3**4.0,100.00%,9.06%,100.00%,8.79%,100.00%,9.33%,100.00%,9.06%
3**3.0,3**5.0,100.00%,9.20%,100.00%,8.46%,100.00%,9.53%,100.00%,9.06%
3**3.0,3**6.0,100.00%,8.60%,100.00%,8.46%,100.00%,9.33%,100.00%,8.80%
3**3.0,3**7.0,100.00%,8.40%,100.00%,9.33%,100.00%,9.33%,100.00%,9.02%
3**4.0,3**-10.0,92.15%,90.13%,91.93%,91.40%,92.01%,90.53%,92.03%,90.69%
3**4.0,3**-5.0,100.00%,95.14%,100.00%,95.39%,100.00%,96.13%,100.00%,95.55%
3**4.0,3**-1.0,100.00%,23.68%,100.00%,24.66%,100.00%,24.60%,100.00%,24.31%
3**4.0,3**0.0,100.00%,11.47%,100.00%,10.20%,100.00%,11.20%,100.00%,10.96%
3**4.0,3**1.0,100.00%,8.53%,100.00%,9.06%,100.00%,9.20%,100.00%,8.93%
3**4.0,3**3.0,100.00%,8.94%,100.00%,9.06%,100.00%,8.53%,100.00%,8.84%
3**4.0,3**4.0,100.00%,8.68%,100.00%,9.33%,100.00%,8.93%,100.00%,8.98%
3**4.0,3**5.0,100.00%,10.47%,100.00%,8.53%,100.00%,9.06%,100.00%,9.35%
3**4.0,3**6.0,100.00%,8.94%,100.00%,9.00%,100.00%,9.13%,100.00%,9.02%
3**4.0,3**7.0,100.00%,9.26%,100.00%,9.13%,100.00%,8.73%,100.00%,9.04%
3**5.0,3**-10.0,93.77%,91.27%,93.25%,92.66%,93.91%,90.86%,93.64%,91.60%
3**5.0,3**-5.0,100.00%,94.14%,100.00%,95.46%,100.00%,95.13%,100.00%,94.91%
3**5.0,3**-1.0,100.00%,17.40%,100.00%,24.26%,100.00%,24.20%,100.00%,21.95%
3**5.0,3**0.0,100.00%,10.34%,100.00%,10.86%,100.00%,10.60%,100.00%,10.60%
3**5.0,3**1.0,100.00%,8.53%,100.00%,8.79%,100.00%,8.66%,100.00%,8.66%
3**5.0,3**3.0,100.00%,9.13%,100.00%,8.73%,100.00%,8.86%,100.00%,8.91%
3**5.0,3**4.0,100.00%,9.40%,100.00%,8.86%,100.00%,8.40%,100.00%,8.89%
3**5.0,3**5.0,100.00%,8.68%,100.00%,8.53%,100.00%,9.00%,100.00%,8.74%
3**5.0,3**6.0,100.00%,8.60%,100.00%,8.93%,100.00%,9.13%,100.00%,8.89%
3**5.0,3**7.0,100.00%,8.60%,100.00%,9.60%,100.00%,9.00%,100.00%,9.07%
3**6.0,3**-10.0,95.45%,92.86%,95.70%,91.73%,95.46%,92.46%,95.54%,92.35%
3**6.0,3**-5.0,100.00%,96.20%,100.00%,96.26%,100.00%,94.86%,100.00%,95.77%
3**6.0,3**-1.0,100.00%,21.80%,100.00%,19.60%,100.00%,24.46%,100.00%,21.95%
3**6.0,3**0.0,100.00%,12.20%,100.00%,10.80%,100.00%,12.33%,100.00%,11.78%
3**6.0,3**1.0,100.00%,8.79%,100.00%,9.46%,100.00%,8.79%,100.00%,9.01%
3**6.0,3**3.0,100.00%,8.40%,100.00%,12.80%,100.00%,9.26%,100.00%,10.15%
3**6.0,3**4.0,100.00%,8.53%,100.00%,9.06%,100.00%,9.00%,100.00%,8.86%
3**6.0,3**5.0,100.00%,8.60%,100.00%,8.60%,100.00%,8.86%,100.00%,8.69%
3**6.0,3**6.0,100.00%,8.87%,100.00%,8.53%,100.00%,8.40%,100.00%,8.60%
3**6.0,3**7.0,100.00%,9.34%,100.00%,9.06%,100.00%,9.06%,100.00%,9.15%
3**7.0,3**-10.0,97.65%,92.40%,97.43%,91.53%,97.46%,91.86%,97.51%,91.93%
3**7.0,3**-5.0,100.00%,95.19%,100.00%,95.80%,100.00%,94.66%,100.00%,95.22%
3**7.0,3**-1.0,100.00%,18.73%,100.00%,20.86%,100.00%,20.33%,100.00%,19.97%
3**7.0,3**0.0,100.00%,11.61%,100.00%,11.53%,100.00%,11.60%,100.00%,11.58%
3**7.0,3**1.0,100.00%,9.13%,100.00%,9.20%,100.00%,9.33%,100.00%,9.22%
3**7.0,3**3.0,100.00%,14.39%,100.00%,8.46%,100.00%,8.79%,100.00%,10.55%
3**7.0,3**4.0,100.00%,8.87%,100.00%,8.60%,100.00%,9.06%,100.00%,8.84%
3**7.0,3**5.0,100.00%,8.21%,100.00%,9.33%,100.00%,8.86%,100.00%,8.80%
3**7.0,3**6.0,100.00%,8.79%,100.00%,9.46%,100.00%,8.26%,100.00%,8.84%
3**7.0,3**7.0,100.00%,8.60%,100.00%,8.79%,100.00%,9.26%,100.00%,8.88%
--------------------------------------------,,,,,,,,,
Neural Network - combined samples,,,,,,,,,
--------------------------------------------,,,,,,,,,
hidden,reg,in,out,in,out,avg-in,avg-out,,
10,3**-7,79.13%,78.87%,90.25%,87.07%,84.69%,82.97%,,
10,3**-5,69.97%,68.67%,78.47%,77.87%,74.22%,73.27%,,
10,3**-3,19.30%,16.80%,10.80%,9.33%,15.05%,13.07%,,
10,3**-1,10.23%,8.87%,10.23%,8.87%,10.23%,8.87%,,
10,3**0,10.23%,8.87%,10.23%,8.87%,10.23%,8.87%,,
10,3**1,10.23%,8.87%,10.23%,8.87%,10.23%,8.87%,,
10,3**3,10.23%,8.87%,10.23%,8.87%,10.23%,8.87%,,
10,3**5,10.23%,8.87%,10.23%,8.87%,10.23%,8.87%,,
10,3**7,10.23%,8.87%,10.23%,8.87%,10.23%,8.87%,,
25,3**-15,78.11%,77.80%,24.60%,23.93%,51.36%,50.87%,,
25,3**-14,63.33%,65.66%,98.63%,85.53%,80.98%,75.60%,,
25,3**-13,90.65%,84.86%,98.36%,86.20%,94.51%,85.53%,,
25,3**-12,99.50%,87.86%,52.61%,55.46%,76.06%,71.66%,,
25,3**-11,70.03%,71.06%,59.60%,58.66%,64.82%,64.86%,,
25,3**-10,99.05%,88.73%,99.28%,90.46%,99.17%,89.60%,,
25,3**-9,76.53%,77.33%,40.58%,39.20%,58.56%,58.27%,,
25,3**-8,96.35%,89.86%,95.55%,91.53%,95.95%,90.70%,,
25,3**-7,91.83%,89.13%,93.15%,89.40%,92.49%,89.27%,,
25,3**-5,82.85%,82.80%,80.37%,79.27%,81.61%,81.04%,,
25,3**-3,24.25%,22.93%,11.83%,10.40%,18.04%,16.67%,,
25,3**-1,10.23%,8.87%,10.23%,8.87%,10.23%,8.87%,,
25,3**0,10.23%,8.87%,10.23%,8.87%,10.23%,8.87%,,
25,3**1,10.23%,8.87%,10.23%,8.87%,10.23%,8.87%,,
25,3**3,10.23%,8.87%,10.23%,8.87%,10.23%,8.87%,,
25,3**5,10.23%,8.87%,10.23%,8.87%,10.23%,8.87%,,
25,3**7,10.23%,8.87%,10.23%,8.87%,10.23%,8.87%,,
40,3**-15,99.70%,89.86%,60.50%,59.06%,80.10%,74.46%,,
40,3**-14,18.15%,16.93%,99.13%,90.20%,58.64%,53.57%,,
40,3**-13,99.93%,90.13%,96.00%,90.06%,97.97%,90.10%,,
40,3**-12,86.31%,85.00%,99.51%,89.33%,92.91%,87.17%,,
40,3**-11,99.33%,89.66%,71.45%,71.93%,85.39%,80.80%,,
40,3**-10,99.73%,90.40%,99.30%,91.73%,99.52%,91.07%,,
40,3**-9,99.05%,91.13%,99.11%,92.53%,99.08%,91.83%,,
40,3**-8,72.98%,72.53%,96.70%,92.53%,84.84%,82.53%,,
50,3**-15,66.06%,66.86%,61.28%,60.40%,63.67%,63.63%,,
50,3**-14,99.75%,89.26%,56.48%,55.26%,78.12%,72.26%,,
50,3**-13,99.86%,90.33%,99.51%,89.93%,99.69%,90.13%,,
50,3**-12,99.83%,90.20%,58.80%,57.26%,79.32%,73.73%,,
50,3**-11,40.20%,41.26%,99.83%,91.33%,70.02%,66.30%,,
50,3**-10,88.78%,86.40%,95.98%,90.66%,92.38%,88.53%,,
50,3**-9,72.08%,73.80%,36.40%,35.86%,54.24%,54.83%,,
50,3**-8,34.28%,36.06%,96.78%,92.66%,65.53%,64.36%,,
50,3**-7,92.55%,89.73%,93.67%,89.60%,93.11%,89.67%,,
50,3**-5,85.10%,84.72%,83.97%,83.07%,84.54%,83.90%,,
50,3**-3,23.73%,22.20%,22.43%,20.27%,23.08%,21.24%,,
50,3**-1,10.23%,8.87%,10.23%,8.87%,10.23%,8.87%,,
50,3**0,10.23%,8.87%,10.23%,8.87%,10.23%,8.87%,,
50,3**1,10.23%,8.87%,10.23%,8.87%,10.23%,8.87%,,
50,3**3,10.23%,8.87%,10.23%,8.87%,10.23%,8.87%,,
50,3**5,10.23%,8.87%,10.23%,8.87%,10.23%,8.87%,,
50,3**7,10.23%,8.87%,10.23%,8.87%,10.23%,8.87%,,
75,3**-15,14.60%,13.46%,94.20%,89.26%,54.40%,51.36%,,
75,3**-14,66.71%,67.93%,46.41%,47.13%,56.56%,57.53%,,
75,3**-13,60.73%,59.66%,71.20%,71.26%,65.97%,65.46%,,
75,3**-12,78.46%,75.46%,99.91%,92.00%,89.19%,83.73%,,
75,3**-11,99.81%,91.40%,96.45%,91.73%,98.13%,91.57%,,
75,3**-10,18.33%,18.40%,99.85%,92.73%,59.09%,55.57%,,
75,3**-9,99.31%,91.93%,96.70%,92.40%,98.01%,92.17%,,
75,3**-8,10.16%,9.33%,97.55%,93.20%,53.86%,51.27%,,
100,3**-15,97.50%,91.06%,99.93%,92.60%,98.72%,91.83%,,
100,3**-14,74.98%,76.20%,90.98%,88.40%,82.98%,82.30%,,
100,3**-13,78.96%,79.60%,54.76%,56.26%,66.86%,67.93%,,
100,3**-12,70.21%,71.73%,86.43%,85.06%,78.32%,78.40%,,
100,3**-11,9.78%,10.93%,75.60%,76.40%,42.69%,43.67%,,
100,3**-10,9.86%,10.73%,99.80%,93.33%,54.83%,52.03%,,
100,3**-9,10.15%,9.40%,99.26%,93.00%,54.71%,51.20%,,
100,3**-8,97.70%,91.46%,97.31%,93.40%,97.51%,92.43%,,
100,3**-7,93.75%,90.40%,94.10%,91.27%,93.93%,90.84%,,
100,3**-5,85.95%,86.27%,86.50%,85.13%,86.23%,85.70%,,
100,3**-3,24.03%,22.20%,16.13%,14.93%,20.08%,18.57%,,
100,3**-1,10.23%,8.87%,10.23%,8.87%,10.23%,8.87%,,
100,3**0,10.23%,8.87%,10.23%,8.87%,10.23%,8.87%,,
100,3**1,10.23%,8.87%,10.23%,8.87%,10.23%,8.87%,,
100,3**3,10.23%,8.87%,10.23%,8.87%,10.23%,8.87%,,
100,3**5,10.23%,8.87%,10.23%,8.87%,10.23%,8.87%,,
100,3**7,10.23%,8.87%,10.23%,8.87%,10.23%,8.87%,,
150,3**-15,64.80%,63.00%,43.01%,44.80%,53.91%,53.90%,,
150,3**-14,18.01%,17.60%,60.23%,59.46%,39.12%,38.53%,,
150,3**-13,81.35%,82.00%,13.53%,14.20%,47.44%,48.10%,,
150,3**-12,99.90%,91.60%,66.41%,65.86%,83.16%,78.73%,,
150,3**-11,93.83%,89.33%,88.41%,85.06%,91.12%,87.20%,,
150,3**-10,99.16%,92.53%,13.83%,12.66%,56.50%,52.60%,,
150,3**-9,86.56%,84.80%,70.48%,71.46%,78.52%,78.13%,,
150,3**-8,97.66%,91.53%,97.40%,93.26%,97.53%,92.40%,,
200,3**-15,36.63%,38.40%,34.80%,33.66%,35.72%,36.03%,,
200,3**-14,10.15%,9.40%,69.11%,66.26%,39.63%,37.83%,,
200,3**-13,50.16%,50.46%,10.23%,10.80%,30.20%,30.63%,,
200,3**-12,79.80%,77.13%,9.80%,10.26%,44.80%,43.70%,,
200,3**-11,5.95%,6.60%,99.85%,94.13%,52.90%,50.37%,,
200,3**-10,10.03%,10.26%,91.70%,88.40%,50.87%,49.33%,,
200,3**-9,59.11%,58.60%,99.45%,94.60%,79.28%,76.60%,,
200,3**-8,97.18%,91.60%,97.03%,93.26%,97.11%,92.43%,,
200,3**-7,29.03%,28.47%,53.63%,51.80%,41.33%,40.14%,,
200,3**-5,86.37%,86.87%,86.73%,85.53%,86.55%,86.20%,,
200,3**-3,22.90%,22.27%,21.17%,19.40%,22.04%,20.84%,,
200,3**-1,10.23%,8.87%,10.23%,8.87%,10.23%,8.87%,,
200,3**0,10.23%,8.87%,9.97%,10.33%,10.10%,9.60%,,
200,3**1,10.23%,8.87%,10.23%,8.87%,10.23%,8.87%,,
200,3**3,10.23%,8.87%,10.23%,8.87%,10.23%,8.87%,,
200,3**5,10.23%,8.87%,10.23%,8.87%,10.23%,8.87%,,
200,3**7,10.23%,8.87%,10.23%,8.87%,10.23%,8.87%,,
500,3**-15,76.15%,76.06%,59.75%,60.73%,67.95%,68.40%,,
500,3**-14,11.16%,9.33%,28.38%,26.60%,19.77%,17.97%,,
500,3**-13,83.93%,83.06%,64.15%,64.73%,74.04%,73.90%,,
500,3**-12,9.83%,10.66%,81.15%,81.93%,45.49%,46.30%,,
500,3**-11,86.60%,86.13%,92.50%,90.86%,89.55%,88.50%,,
500,3**-10,87.36%,86.33%,64.53%,67.33%,75.95%,76.83%,,
500,3**-9,51.00%,49.86%,52.40%,52.20%,51.70%,51.03%,,
500,3**-8,97.45%,92.00%,31.13%,30.13%,64.29%,61.07%,,
500,3**-7,16.83%,16.13%,92.55%,90%,54.69%,53.07%,,
500,3**-5,85.97%,86.47%,86.53%,84.87%,86.25%,85.67%,,
500,3**-3,23.63%,22.87%,22.63%,20.87%,23.13%,21.87%,,
500,3**-1,10.20%,9.20%,10.27%,9.13%,10.24%,9.17%,,
500,3**0,10.23%,8.87%,10.23%,8.87%,10.23%,8.87%,,
500,3**1,9.73%,11.07%,9.97%,10.33%,9.85%,10.70%,,
500,3**3,10.23%,8.87%,10.23%,8.87%,10.23%,8.87%,,
500,3**5,10.23%,8.87%,10.23%,8.87%,10.23%,8.87%,,
500,3**7,10.23%,8.87%,10.23%,8.87%,10.23%,8.87%,,
